turn,area,wave,attackPower,hp,dead
0,0,0,5,100,0
1,0,1,5,100,0
2,0,1,5,100,0
3,1,2,5,103,0
4,1,2,5,100,0
5,1,2,5,100,0
6,1,3,5,100,0
7,1,3,5,94,0
8,1,3,5,94,0
9,1,3,5,94,0
10,1,4,5,94,0
11,1,4,5,88,0
12,1,4,5,88,0
13,1,4,5,88,0
14,1,4,5,85,0
15,1,4,5,82,0
16,1,5,5,82,0
17,1,5,5,78,0
18,1,5,5,74,0
19,1,5,5,70,0
20,1,5,5,66,0
21,1,5,5,66,0
22,1,6,5,66,0
23,1,6,5,62,0
24,1,6,5,58,0
25,1,6,5,54,0
26,1,6,5,50,0
27,1,6,5,50,0
28,1,6,5,46,0
29,1,6,5,42,0
30,1,7,5,42,0
31,1,7,5,35,0
32,1,7,5,31,0
33,1,7,5,24,0
34,1,7,5,17,0
35,1,7,5,17,0
36,1,7,5,17,0
37,1,7,5,14,0
38,1,7,5,11,0
39,1,8,5,11,0
40,1,8,5,4,0
41,1,2,7,141,0
42,1,2,7,141,0
43,1,3,7,141,0
44,1,3,7,141,0
45,1,3,7,141,0
46,1,3,7,138,0
47,1,4,7,138,0
48,1,4,7,138,0
49,1,4,7,138,0
50,1,5,7,138,0
51,1,5,7,147,0
52,1,5,7,147,0
53,1,6,7,147,0
54,1,6,7,143,0
55,1,6,7,143,0
56,1,7,7,143,0
57,1,7,7,139,0
58,1,7,7,139,0
59,1,8,7,139,0
60,1,8,7,135,0
61,1,8,7,132,0
62,1,8,7,128,0
63,1,8,7,128,0
64,1,9,7,128,0
65,1,9,7,124,0
66,1,9,7,118,0
67,1,9,7,114,0
68,1,9,7,114,0
69,1,9,7,108,0
70,1,9,7,108,0
71,1,9,7,108,0
72,1,10,7,108,0
73,1,10,7,100,0
74,1,10,7,100,0
75,1,10,7,92,0
76,1,10,7,92,0
77,1,10,7,92,0
78,1,10,7,88,0
79,1,10,7,88,0
80,1,10,7,84,0
81,1,11,7,84,0
82,1,11,7,76,0
83,1,11,7,67,0
84,1,11,7,67,0
85,1,11,7,63,0
86,1,11,7,54,0
87,1,11,7,54,0
88,1,11,7,54,0
89,1,11,7,54,0
90,1,11,7,48,0
91,1,11,7,48,0
92,1,11,7,48,0
93,2,12,9,193,0
94,2,12,9,183,0
95,2,12,9,173,0
96,2,12,9,173,0
97,2,12,9,163,0
98,2,12,9,153,0
99,2,12,9,143,0
100,2,12,9,143,0
101,2,13,9,133,0
102,2,13,9,123,0
103,2,13,9,103,0
104,2,13,9,93,0
105,2,13,9,83,0
106,2,13,9,63,0
107,2,13,9,53,0
108,2,13,9,43,0
109,2,13,9,23,0
110,2,14,9,23,0
111,2,14,9,3,0
112,2,12,10,212,0
113,2,12,10,203,0
114,2,12,10,203,0
115,2,12,10,194,0
116,2,12,10,185,0
117,2,12,10,185,0
118,2,12,10,176,0
119,2,12,10,167,0
120,2,13,10,158,0
121,2,13,10,149,0
122,2,13,10,140,0
123,2,13,10,131,0
124,2,13,10,113,0
125,2,13,10,104,0
126,2,13,10,95,0
127,2,14,10,95,0
128,2,14,10,77,0
129,2,14,10,77,0
130,2,14,10,59,0
131,2,14,10,41,0
132,2,14,10,41,0
133,2,14,10,23,0
134,2,14,10,5,0
135,2,14,10,5,0
136,2,14,10,5,0
137,2,12,11,237,0
138,2,12,11,228,0
139,2,12,11,228,0
140,2,12,11,219,0
141,2,12,11,219,0
142,2,12,11,210,0
143,2,13,11,201,0
144,2,13,11,192,0
145,2,13,11,183,0
146,2,13,11,174,0
147,2,13,11,165,0
148,2,13,11,156,0
149,2,13,11,147,0
150,2,13,11,138,0
151,2,14,12,250,0
152,2,14,12,232,0
153,2,14,12,232,0
154,2,14,12,214,0
155,2,14,12,214,0
156,2,14,12,196,0
157,2,14,12,196,0
158,2,14,12,196,0
159,2,14,12,187,0
160,2,14,12,187,0
161,2,14,12,178,0
162,2,15,12,178,0
163,2,15,12,169,0
164,2,15,12,160,0
165,2,15,12,151,0
166,2,16,12,151,0
167,2,16,12,133,0
168,2,16,12,124,0
169,2,16,12,106,0
170,2,16,12,97,0
171,2,16,12,79,0
172,2,16,12,79,0
173,2,16,12,79,0
174,2,16,12,70,0
175,2,16,12,70,0
176,2,16,12,61,0
177,2,16,12,61,0
178,2,17,12,49,0
179,2,17,12,37,0
180,2,17,12,25,0
181,2,17,12,1,0
182,2,12,14,282,0
183,2,12,14,282,0
184,2,12,14,273,0
185,2,12,14,273,0
186,2,12,14,264,0
187,2,12,14,264,0
188,2,13,14,264,0
189,2,13,14,255,0
190,2,13,14,246,0
191,2,13,14,237,0
192,2,13,14,228,0
193,2,13,14,219,0
194,2,14,14,219,0
195,2,14,14,219,0
196,2,14,14,201,0
197,2,14,14,201,0
198,2,14,14,183,0
199,2,14,14,183,0
200,2,14,14,183,0
201,2,14,14,174,0
202,2,14,14,174,0
203,2,14,14,165,0
204,2,14,14,165,0
205,2,15,14,165,0
206,2,15,14,156,0
207,2,15,14,147,0
208,2,15,14,138,0
209,2,15,14,138,0
210,2,15,14,129,0
211,2,16,14,129,0
212,2,16,14,120,0
213,2,16,14,102,0
214,2,16,14,93,0
215,2,16,14,93,0
216,2,16,14,84,0
217,2,16,14,84,0
218,2,16,14,75,0
219,2,16,14,75,0
220,2,16,14,66,0
221,2,17,14,54,0
222,2,17,14,42,0
223,2,17,14,30,0
224,2,17,14,18,0
225,2,12,16,325,0
226,2,12,16,325,0
227,2,12,16,317,0
228,2,12,16,317,0
229,2,13,16,317,0
230,2,13,16,309,0
231,2,13,16,301,0
232,2,13,16,293,0
233,2,13,16,293,0
234,2,14,16,293,0
235,2,14,16,293,0
236,2,14,16,277,0
237,2,14,16,277,0
238,2,14,16,261,0
239,2,14,16,261,0
240,2,14,16,261,0
241,2,14,16,261,0
242,2,15,16,261,0
243,2,15,16,253,0
244,2,15,16,253,0
245,2,15,16,245,0
246,2,15,16,237,0
247,2,15,16,237,0
248,2,16,16,237,0
249,2,16,16,229,0
250,2,16,16,213,0
251,2,16,17,343,0
252,2,16,17,335,0
253,2,16,17,327,0
254,2,16,17,327,0
255,2,16,17,327,0
256,2,17,17,327,0
257,2,17,17,316,0
258,2,17,17,305,0
259,2,17,17,294,0
260,2,18,17,294,0
261,2,18,17,283,0
262,2,18,17,264,0
263,2,18,17,253,0
264,2,19,17,253,0
265,2,19,17,237,0
266,2,19,17,221,0
267,2,19,17,213,0
268,2,19,17,213,0
269,2,19,17,205,0
270,2,19,17,189,0
271,2,19,17,189,0
272,2,19,17,189,0
273,2,19,17,181,0
274,2,20,17,181,0
275,2,20,17,159,0
276,2,20,17,137,0
277,2,20,17,115,0
278,2,20,17,115,0
279,2,20,17,104,0
280,2,21,17,104,0
281,2,21,17,85,0
282,2,21,17,58,0
283,2,21,17,39,0
284,2,21,17,28,0
285,2,21,17,28,0
286,2,21,17,4,0
287,2,21,17,4,0
288,2,12,19,388,0
289,2,12,19,388,0
290,2,12,19,380,0
291,2,12,19,380,0
292,2,13,19,380,0
293,2,13,19,372,0
294,2,13,19,372,0
295,2,14,19,372,0
296,2,14,19,372,0
297,2,14,19,356,0
298,2,14,19,356,0
299,2,14,19,356,0
300,2,14,19,356,0
301,2,14,19,348,0
302,2,14,19,348,0
303,2,14,19,348,0
304,2,15,19,348,0
305,2,15,19,340,0
306,2,15,19,340,0
307,2,15,19,332,0
308,2,16,19,332,0
309,2,16,19,324,0
310,2,16,19,316,0
311,2,16,19,308,0
312,2,16,19,300,0
313,2,16,19,300,0
314,2,16,19,292,0
315,2,16,19,292,0
316,2,17,19,292,0
317,2,17,19,281,0
318,2,17,19,270,0
319,2,17,19,259,0
320,2,18,19,259,0
321,2,18,19,248,0
322,2,18,19,229,0
323,2,18,19,218,0
324,2,18,19,207,0
325,2,18,19,207,0
326,2,18,19,199,0
327,2,18,19,199,0
328,2,19,19,199,0
329,2,19,19,183,0
330,2,19,19,175,0
331,2,19,19,159,0
332,2,19,19,159,0
333,2,19,19,151,0
334,2,19,19,143,0
335,2,19,19,135,0
336,2,19,19,135,0
337,2,19,19,135,0
338,2,19,19,127,0
339,2,19,19,127,0
340,2,20,19,127,0
341,2,20,19,105,0
342,2,20,19,83,0
343,2,20,19,61,0
344,2,20,19,39,0
345,2,20,19,39,0
346,2,20,19,28,0
347,2,20,19,17,0
348,2,20,19,17,0
349,2,20,19,6,0
350,2,12,22,450,0
351,2,12,22,451,0
352,2,12,22,451,0
353,2,13,22,451,0
354,2,13,22,444,0
355,2,13,22,444,0
356,2,14,22,444,0
357,2,14,22,444,0
358,2,14,22,444,0
359,2,14,22,444,0
360,2,14,22,437,0
361,2,14,22,437,0
362,2,15,22,437,0
363,2,15,22,437,0
364,2,16,22,437,0
365,2,16,22,430,0
366,2,16,22,430,0
367,2,16,22,430,0
368,2,17,22,430,0
369,2,17,22,420,0
370,2,17,22,410,0
371,2,17,22,410,0
372,2,18,22,410,0
373,2,18,22,400,0
374,2,18,22,400,0
375,2,19,22,400,0
376,2,19,22,393,0
377,2,19,22,393,0
378,2,19,22,393,0
379,2,19,22,379,0
380,2,19,22,379,0
381,2,19,22,379,0
382,2,19,22,379,0
383,2,19,22,372,0
384,2,20,22,372,0
385,2,20,22,352,0
386,2,20,22,332,0
387,2,20,22,332,0
388,2,20,22,312,0
389,2,20,22,312,0
390,2,20,22,302,0
391,2,20,22,292,0
392,2,21,22,292,0
393,2,21,22,282,0
394,2,21,22,265,0
395,2,21,22,265,0
396,2,21,22,265,0
397,2,21,22,265,0
398,2,21,22,258,0
399,3,22,24,499,0
400,3,22,24,485,0
401,3,22,24,485,0
402,3,22,24,471,0
403,3,22,24,471,0
404,3,22,24,471,0
405,3,22,24,464,0
406,3,22,24,464,0
407,3,23,24,441,0
408,3,23,24,418,0
409,3,23,24,395,0
410,3,23,24,372,0
411,3,23,24,349,0
412,3,24,24,349,0
413,3,24,24,339,0
414,3,24,24,329,0
415,3,24,24,322,0
416,3,24,24,312,0
417,3,24,24,312,0
418,3,24,24,312,0
419,3,24,24,312,0
420,3,24,24,305,0
421,3,25,24,282,0
422,3,25,24,252,0
423,3,25,24,229,0
424,3,25,24,199,0
425,3,25,24,176,0
426,3,25,24,146,0
427,3,25,24,146,0
428,3,25,24,146,0
429,3,25,24,139,0
430,3,25,24,139,0
431,3,26,24,139,0
432,3,26,24,111,0
433,3,26,24,83,0
434,3,26,24,55,0
435,3,26,24,27,0
436,3,22,26,536,0
437,3,22,26,536,0
438,3,22,26,524,0
439,3,22,26,524,0
440,3,22,26,524,0
441,3,22,26,518,0
442,3,22,26,518,0
443,3,23,26,518,0
444,3,23,26,496,0
445,3,23,26,474,0
446,3,23,26,452,0
447,3,23,26,430,0
448,3,24,26,430,0
449,3,24,26,421,0
450,3,24,26,421,0
451,3,24,27,551,0
452,3,25,27,551,0
453,3,25,27,529,0
454,3,25,27,501,0
455,3,25,27,479,0
456,3,25,27,479,0
457,3,25,27,473,0
458,3,25,27,473,0
459,3,26,27,473,0
460,3,26,27,446,0
461,3,26,27,419,0
462,3,27,27,419,0
463,3,27,27,392,0
464,3,27,27,365,0
465,3,27,27,338,0
466,3,27,27,338,0
467,3,28,27,338,0
468,3,28,27,294,0
469,3,28,27,250,0
470,3,28,27,206,0
471,3,28,27,206,0
472,3,28,27,184,0
473,3,28,27,162,0
474,3,28,27,140,0
475,3,29,27,140,0
476,3,29,27,104,0
477,3,29,27,77,0
478,3,29,27,41,0
479,3,29,27,32,0
480,3,29,27,32,0
481,3,29,27,32,0
482,3,29,27,23,0
483,3,30,27,23,0
484,3,22,29,584,0
485,3,22,29,584,0
486,3,22,29,572,0
487,3,22,29,572,0
488,3,22,29,572,0
489,3,22,29,566,0
490,3,22,29,566,0
491,3,23,29,566,0
492,3,23,29,544,0
493,3,23,29,522,0
494,3,23,29,500,0
495,3,23,29,478,0
496,3,24,29,478,0
497,3,24,29,469,0
498,3,24,29,469,0
499,3,24,29,460,0
500,3,24,29,460,0
501,3,24,29,454,0
502,3,24,29,454,0
503,3,24,29,454,0
504,3,25,29,454,0
505,3,25,29,432,0
506,3,25,29,404,0
507,3,25,29,382,0
508,3,25,29,382,0
509,3,25,29,376,0
510,3,25,29,376,0
511,3,26,29,376,0
512,3,26,29,349,0
513,3,26,29,322,0
514,3,26,29,322,0
515,3,26,29,295,0
516,3,27,29,295,0
517,3,27,29,268,0
518,3,27,29,241,0
519,3,27,29,241,0
520,3,27,29,208,0
521,3,27,29,181,0
522,3,27,29,181,0
523,3,27,29,181,0
524,3,27,29,181,0
525,3,28,29,181,0
526,3,28,29,137,0
527,3,28,29,93,0
528,3,28,29,49,0
529,3,28,29,5,0
530,3,22,31,630,0
531,3,22,31,630,0
532,3,22,31,620,0
533,3,22,31,620,0
534,3,22,31,620,0
535,3,22,31,615,0
536,3,23,31,615,0
537,3,23,31,594,0
538,3,23,31,573,0
539,3,23,31,552,0
540,3,23,31,531,0
541,3,24,31,531,0
542,3,24,31,523,0
543,3,24,31,523,0
544,3,24,31,515,0
545,3,24,31,515,0
546,3,24,31,510,0
547,3,24,31,510,0
548,3,25,31,510,0
549,3,25,31,489,0
550,3,25,31,463,0
551,3,25,32,630,0
552,3,25,32,630,0
553,3,26,32,630,0
554,3,26,32,604,0
555,3,26,32,604,0
556,3,27,32,604,0
557,3,27,32,578,0
558,3,27,32,578,0
559,3,27,32,578,0
560,3,28,32,578,0
561,3,28,32,536,0
562,3,28,32,494,0
563,3,28,32,452,0
564,3,28,32,452,0
565,3,28,32,452,0
566,3,28,32,431,0
567,3,29,32,431,0
568,3,29,32,397,0
569,3,29,32,397,0
570,3,29,32,363,0
571,3,29,32,363,0
572,3,30,32,363,0
573,3,30,32,316,0
574,3,30,32,295,0
575,3,30,32,248,0
576,3,30,32,248,0
577,3,30,32,243,0
578,3,30,32,243,0
579,3,31,32,243,0
580,3,31,32,170,0
581,3,31,32,149,0
582,3,31,32,149,0
583,3,31,32,102,0
584,3,31,32,76,0
585,3,31,32,55,0
586,3,31,32,8,0
587,3,31,32,8,0
588,3,22,34,688,0
589,3,22,34,688,0
590,3,22,34,688,0
591,3,22,34,683,0
592,3,22,34,683,0
593,3,23,34,683,0
594,3,23,34,662,0
595,3,23,34,641,0
596,3,24,34,641,0
597,3,24,34,641,0
598,3,24,34,633,0
599,3,24,34,633,0
600,3,24,34,633,0
601,3,24,34,633,0
602,3,24,34,628,0
603,3,25,34,628,0
604,3,25,34,607,0
605,3,25,34,581,0
606,3,25,34,581,0
607,3,25,34,581,0
608,3,25,34,581,0
609,3,25,34,576,0
610,3,26,34,576,0
611,3,26,34,550,0
612,3,26,34,550,0
613,3,26,34,524,0
614,3,26,34,498,0
615,3,27,34,498,0
616,3,27,34,472,0
617,3,27,34,472,0
618,3,27,34,446,0
619,3,27,34,446,0
620,3,27,34,446,0
621,3,28,34,446,0
622,3,28,34,404,0
623,3,28,34,362,0
624,3,28,34,362,0
625,3,28,34,362,0
626,3,28,34,341,0
627,3,28,34,320,0
628,3,28,34,299,0
629,3,29,34,299,0
630,3,29,34,273,0
631,3,29,34,265,0
632,3,29,34,239,0
633,3,29,34,205,0
634,3,29,34,205,0
635,3,29,34,205,0
636,3,29,34,197,0
637,3,30,34,197,0
638,3,30,34,150,0
639,3,30,34,129,0
640,3,30,34,103,0
641,3,30,34,103,0
642,3,30,34,82,0
643,3,30,34,56,0
644,3,30,34,35,0
645,3,30,34,35,0
646,3,30,34,35,0
647,3,30,34,35,0
648,3,31,34,35,0
649,3,22,37,749,0
650,3,22,37,749,0
651,3,22,37,751,0
652,3,22,37,747,0
653,3,23,37,747,0
654,3,23,37,727,0
655,3,24,37,727,0
656,3,24,37,727,0
657,3,24,37,727,0
658,3,25,37,727,0
659,3,25,37,707,0
660,3,25,37,707,0
661,3,25,37,703,0
662,3,26,37,703,0
663,3,26,37,678,0
664,3,26,37,678,0
665,3,26,37,653,0
666,3,27,37,653,0
667,3,27,37,628,0
668,3,27,37,628,0
669,3,27,37,603,0
670,3,27,37,603,0
671,3,27,37,603,0
672,3,28,37,603,0
673,3,28,37,563,0
674,3,28,37,523,0
675,3,28,37,523,0
676,3,28,37,523,0
677,3,28,37,503,0
678,3,29,37,503,0
679,3,29,37,478,0
680,3,29,37,471,0
681,3,29,37,471,0
682,3,30,37,471,0
683,3,30,37,426,0
684,3,30,37,406,0
685,3,30,37,381,0
686,3,30,37,381,0
687,3,30,37,361,0
688,3,30,37,337,0
689,3,30,37,337,0
690,3,30,37,337,0
691,3,31,37,337,0
692,3,31,37,267,0
693,3,31,37,247,0
694,3,31,37,197,0
695,3,31,37,197,0
696,3,31,37,177,0
697,3,31,37,132,0
698,4,32,39,798,0
699,4,32,39,777,0
700,4,32,39,777,0
701,4,32,39,756,0
702,4,32,39,756,0
703,4,32,39,735,0
704,4,32,39,735,0
705,4,32,39,714,0
706,4,33,39,714,0
707,4,33,39,704,0
708,4,33,39,694,0
709,4,33,39,694,0
710,4,33,39,684,0
711,4,33,39,674,0
712,4,33,39,664,0
713,4,34,39,664,0
714,4,34,39,622,0
715,4,34,39,622,0
716,4,34,39,580,0
717,4,34,39,580,0
718,4,34,39,538,0
719,4,34,39,538,0
720,4,34,39,496,0
721,4,34,39,496,0
722,4,34,39,454,0
723,4,34,39,454,0
724,4,34,39,433,0
725,4,34,39,433,0
726,4,34,39,412,0
727,4,34,39,412,0
728,4,34,39,391,0
729,4,34,39,391,0
730,4,34,39,370,0
731,4,34,39,370,0
732,4,34,39,349,0
733,4,34,39,328,0
734,4,35,39,328,0
735,4,35,39,328,0
736,4,35,39,328,0
737,4,35,39,310,0
738,4,35,39,310,0
739,4,35,39,310,0
740,4,35,39,292,0
741,4,35,39,292,0
742,4,35,39,292,0
743,4,35,39,274,0
744,4,35,39,274,0
745,4,36,39,274,0
746,4,36,39,274,0
747,4,36,39,256,0
748,4,36,39,256,0
749,4,36,39,238,0
750,4,36,39,238,0
751,4,36,42,834,0
752,4,36,42,834,0
753,4,36,42,817,0
754,4,37,42,817,0
755,4,37,42,788,0
756,4,37,42,788,0
757,4,37,42,759,0
758,4,37,42,750,0
759,4,37,42,730,0
760,4,37,42,730,0
761,4,37,42,721,0
762,4,37,42,712,0
763,4,38,42,712,0
764,4,38,42,692,0
765,4,38,42,692,0
766,4,38,42,655,0
767,4,38,42,655,0
768,4,38,42,655,0
769,4,38,42,635,0
770,4,38,42,635,0
771,4,38,42,615,0
772,4,38,42,615,0
773,4,38,42,595,0
774,4,39,42,595,0
775,4,39,42,577,0
776,4,39,42,560,0
777,4,39,42,542,0
778,4,39,42,507,0
779,4,39,42,507,0
780,4,39,42,472,0
781,4,39,42,454,0
782,4,39,42,454,0
783,4,39,42,454,0
784,4,39,42,436,0
785,4,39,42,418,0
786,4,39,42,418,0
787,4,39,42,418,0
788,4,39,42,409,0
789,4,40,42,409,0
790,4,40,42,409,0
791,4,40,42,409,0
792,4,40,42,375,0
793,4,40,42,375,0
794,4,40,42,375,0
795,4,40,42,341,0
796,4,40,42,341,0
797,4,40,42,341,0
798,4,40,42,341,0
799,4,40,42,341,0
800,4,41,42,341,0
801,4,41,42,292,0
802,4,41,42,275,0
803,4,41,42,226,0
804,4,41,42,200,0
805,4,41,42,160,0
806,4,41,42,134,0
807,4,41,42,85,0
808,4,41,42,85,0
809,4,41,42,85,0
810,4,41,42,39,0
811,4,41,42,30,0
812,4,32,45,911,0
813,4,32,45,911,0
814,4,32,45,892,0
815,4,32,45,892,0
816,4,32,45,873,0
817,4,32,45,873,0
818,4,32,45,854,0
819,4,32,45,854,0
820,4,32,45,835,0
821,4,32,45,835,0
822,4,33,45,835,0
823,4,33,45,827,0
824,4,33,45,827,0
825,4,33,45,819,0
826,4,33,45,811,0
827,4,34,45,811,0
828,4,34,45,811,0
829,4,34,45,773,0
830,4,34,45,773,0
831,4,34,45,735,0
832,4,34,45,735,0
833,4,34,45,697,0
834,4,34,45,697,0
835,4,34,45,659,0
836,4,34,45,659,0
837,4,34,45,621,0
838,4,34,45,621,0
839,4,34,45,621,0
840,4,34,45,602,0
841,4,34,45,602,0
842,4,34,45,583,0
843,4,34,45,583,0
844,4,34,45,564,0
845,4,34,45,564,0
846,4,35,45,564,0
847,4,35,45,564,0
848,4,35,45,564,0
849,4,35,45,548,0
850,4,35,45,548,0
851,4,35,47,951,0
852,4,35,47,951,0
853,4,35,47,935,0
854,4,35,47,935,0
855,4,36,47,935,0
856,4,36,47,935,0
857,4,36,47,919,0
858,4,36,47,919,0
859,4,36,47,919,0
860,4,36,47,903,0
861,4,36,47,903,0
862,4,36,47,887,0
863,4,37,47,887,0
864,4,37,47,879,0
865,4,37,47,860,0
866,4,37,47,852,0
867,4,37,47,833,0
868,4,37,47,833,0
869,4,37,47,825,0
870,4,37,47,817,0
871,4,38,47,817,0
872,4,38,47,817,0
873,4,38,47,798,0
874,4,38,47,782,0
875,4,38,47,763,0
876,4,38,47,763,0
877,4,38,47,763,0
878,4,38,47,744,0
879,4,38,47,744,0
880,4,39,47,744,0
881,4,39,47,728,0
882,4,39,47,712,0
883,4,39,47,696,0
884,4,39,47,696,0
885,4,39,47,664,0
886,4,39,47,664,0
887,4,39,47,648,0
888,4,39,47,648,0
889,4,39,47,648,0
890,4,39,47,640,0
891,4,40,47,640,0
892,4,40,47,640,0
893,4,40,47,640,0
894,4,40,47,608,0
895,4,40,47,608,0
896,4,40,47,608,0
897,4,40,47,608,0
898,4,40,47,608,0
899,4,40,47,592,0
900,4,40,47,592,0
901,4,40,47,592,0
902,4,40,47,592,0
903,4,40,47,576,0
904,4,40,47,576,0
905,4,40,47,576,0
906,4,41,47,576,0
907,4,41,47,568,0
908,4,41,47,514,0
909,4,41,47,506,0
910,4,41,47,468,0
911,4,41,47,444,0
912,4,41,47,444,0
913,4,41,47,444,0
914,4,41,47,444,0
915,4,41,47,444,0
916,4,41,47,428,0
917,4,41,47,428,0
918,5,42,50,1018,0
919,5,42,50,1018,0
920,5,42,50,1018,0
921,5,42,50,1018,0
922,5,42,50,988,0
923,5,42,50,988,0
924,5,42,50,988,0
925,5,42,50,988,0
926,5,42,50,988,0
927,5,42,50,973,0
928,5,42,50,973,0
929,5,42,50,973,0
930,5,42,50,973,0
931,5,42,50,958,0
932,5,42,50,958,0
933,5,42,50,958,0
934,5,42,50,958,0
935,5,43,50,958,0
936,5,43,50,942,0
937,5,43,50,926,0
938,5,43,50,910,0
939,5,43,50,894,0
940,5,43,50,894,0
941,5,43,50,878,0
942,5,44,50,878,0
943,5,44,50,878,0
944,5,44,50,878,0
945,5,44,50,862,0
946,5,44,50,862,0
947,5,44,50,862,0
948,5,44,50,846,0
949,5,44,50,846,0
950,5,44,50,846,0
951,5,44,52,1035,0
952,5,45,52,1012,0
953,5,45,52,989,0
954,5,45,52,966,0
955,5,45,52,920,0
956,5,45,52,897,0
957,5,45,52,874,0
958,5,45,52,851,0
959,5,45,52,805,0
960,5,46,52,805,0
961,5,46,52,789,0
962,5,46,52,773,0
963,5,46,52,757,0
964,5,46,52,742,0
965,5,46,52,742,0
966,5,46,52,742,0
967,5,46,52,742,0
968,5,46,52,742,0
969,5,46,52,727,0
970,5,47,52,727,0
971,5,47,52,727,0
972,5,47,52,727,0
973,5,47,52,695,0
974,5,47,52,695,0
975,5,47,52,695,0
976,5,47,52,695,0
977,5,47,52,679,0
978,5,47,52,679,0
979,5,48,52,656,0
980,5,48,52,633,0
981,5,48,52,610,0
982,5,48,52,564,0
983,5,48,52,564,0
984,5,48,52,549,0
985,5,48,52,549,0
986,5,48,52,549,0
987,5,49,52,549,0
988,5,49,52,533,0
989,5,49,52,517,0
990,5,49,52,485,0
991,5,49,52,485,0
992,5,49,52,469,0
993,5,49,52,469,0
994,5,49,52,453,0
995,5,49,52,453,0
996,5,49,52,453,0
997,5,49,52,437,0
998,5,49,52,437,0
999,5,50,52,391,0
1000,5,50,52,345,0
1001,5,50,52,299,0
1002,5,50,52,207,0
1003,5,50,52,161,0
1004,5,50,52,115,0
1005,5,50,52,69,0
1006,5,50,52,69,0
1007,5,50,52,23,0
1008,5,42,55,1108,0
1009,5,42,55,1108,0
1010,5,42,55,1108,0
1011,5,42,55,1108,0
1012,5,42,55,1080,0
1013,5,42,55,1080,0
1014,5,42,55,1080,0
1015,5,42,55,1080,0
1016,5,42,55,1080,0
1017,5,42,55,1066,0
1018,5,42,55,1066,0
1019,5,42,55,1066,0
1020,5,42,55,1066,0
1021,5,42,55,1066,0
1022,5,42,55,1052,0
1023,5,43,55,1052,0
1024,5,43,55,1037,0
1025,5,43,55,1022,0
1026,5,43,55,1007,0
1027,5,43,55,1007,0
1028,5,43,55,992,0
1029,5,43,55,977,0
1030,5,44,55,977,0
1031,5,44,55,977,0
1032,5,44,55,977,0
1033,5,44,55,962,0
1034,5,44,55,962,0
1035,5,44,55,962,0
1036,5,44,55,947,0
1037,5,44,55,947,0
1038,5,44,55,947,0
1039,5,45,55,925,0
1040,5,45,55,903,0
1041,5,45,55,881,0
1042,5,45,55,859,0
1043,5,45,55,815,0
1044,5,45,55,793,0
1045,5,45,55,771,0
1046,5,45,55,749,0
1047,5,45,55,727,0
1048,5,46,55,727,0
1049,5,46,55,712,0
1050,5,46,55,697,0
1051,5,46,57,1151,0
1052,5,46,57,1151,0
1053,5,46,57,1137,0
1054,5,46,57,1137,0
1055,5,47,57,1137,0
1056,5,47,57,1137,0
1057,5,47,57,1137,0
1058,5,47,57,1107,0
1059,5,47,57,1107,0
1060,5,47,57,1107,0
1061,5,47,57,1077,0
1062,5,47,57,1077,0
1063,5,47,57,1077,0
1064,5,47,57,1077,0
1065,5,47,57,1077,0
1066,5,47,57,1062,0
1067,5,47,57,1062,0
1068,5,47,57,1062,0
1069,5,47,57,1047,0
1070,5,48,57,1025,0
1071,5,48,57,1003,0
1072,5,48,57,981,0
1073,5,48,57,959,0
1074,5,48,57,959,0
1075,5,48,57,945,0
1076,5,48,57,945,0
1077,5,48,57,945,0
1078,5,48,57,945,0
1079,5,49,57,945,0
1080,5,49,57,930,0
1081,5,49,57,915,0
1082,5,49,57,915,0
1083,5,49,57,900,0
1084,5,49,57,900,0
1085,5,49,57,900,0
1086,5,49,57,885,0
1087,5,50,57,841,0
1088,5,50,57,797,0
1089,5,50,57,753,0
1090,5,50,57,709,0
1091,5,50,57,665,0
1092,5,50,57,665,0
1093,5,50,57,643,0
1094,5,50,57,599,0
1095,5,50,57,577,0
1096,5,51,57,577,0
1097,5,51,57,547,0
1098,5,51,57,517,0
1099,5,51,57,502,0
1100,5,51,57,472,0
1101,5,51,57,472,0
1102,5,51,57,457,0
1103,5,51,57,427,0
1104,5,51,57,427,0
1105,5,51,57,427,0
1106,5,51,57,427,0
1107,5,51,57,427,0
1108,5,51,57,412,0
1109,5,51,57,412,0
1110,5,51,57,412,0
1111,5,52,57,390,0
1112,5,52,57,353,0
1113,5,52,57,316,0
1114,5,52,57,279,0
1115,5,52,57,228,0
1116,5,52,57,191,0
1117,5,52,57,191,0
1118,5,52,57,161,0
1119,5,52,57,161,0
1120,5,52,57,146,0
1121,5,52,57,117,0
1122,5,52,57,102,0
1123,5,52,57,87,0
1124,5,52,57,72,0
1125,5,52,57,72,0
1126,5,52,57,43,0
1127,5,52,57,43,0
1128,5,52,57,43,0
1129,5,52,57,43,0
1130,5,52,57,28,0
1131,5,52,57,14,0
1132,5,52,57,14,0
1133,5,52,57,14,0
1134,5,52,57,14,0
1135,5,52,57,14,0
1136,5,42,61,1236,0
1137,5,42,61,1236,0
1138,5,42,61,1236,0
1139,5,42,61,1236,0
1140,5,42,61,1210,0
1141,5,42,61,1210,0
1142,5,42,61,1210,0
1143,5,42,61,1210,0
1144,5,42,61,1210,0
1145,5,42,61,1210,0
1146,5,42,61,1197,0
1147,5,42,61,1197,0
1148,5,42,61,1197,0
1149,5,42,61,1197,0
1150,5,42,61,1197,0
1151,5,43,62,1251,0
1152,5,43,62,1237,0
1153,5,43,62,1223,0
1154,5,43,62,1223,0
1155,5,43,62,1209,0
1156,5,44,62,1209,0
1157,5,44,62,1209,0
1158,5,44,62,1209,0
1159,5,44,62,1195,0
1160,5,44,62,1195,0
1161,5,45,62,1174,0
1162,5,45,62,1153,0
1163,5,45,62,1132,0
1164,5,45,62,1111,0
1165,5,45,62,1090,0
1166,5,45,62,1069,0
1167,5,45,62,1048,0
1168,5,46,62,1048,0
1169,5,46,62,1034,0
1170,5,46,62,1020,0
1171,5,46,62,1020,0
1172,5,46,62,993,0
1173,5,46,62,979,0
1174,5,46,62,979,0
1175,5,46,62,979,0
1176,5,46,62,979,0
1177,5,47,62,979,0
1178,5,47,62,979,0
1179,5,47,62,979,0
1180,5,47,62,951,0
1181,5,47,62,951,0
1182,5,47,62,951,0
1183,5,47,62,951,0
1184,5,47,62,951,0
1185,5,47,62,937,0
1186,5,47,62,937,0
1187,5,48,62,916,0
1188,5,48,62,895,0
1189,5,48,62,874,0
1190,5,48,62,853,0
1191,5,48,62,832,0
1192,5,48,62,832,0
1193,5,48,62,819,0
1194,5,48,62,819,0
1195,5,48,62,819,0
1196,5,49,62,819,0
1197,5,49,62,805,0
1198,5,49,62,791,0
1199,5,49,62,777,0
1200,5,49,62,777,0
1201,5,49,62,777,0
1202,5,50,62,735,0
1203,5,50,62,693,0
1204,5,50,62,651,0
1205,5,50,62,609,0
1206,5,50,62,609,0
1207,5,50,62,588,0
1208,5,50,62,567,0
1209,5,50,62,546,0
1210,5,50,62,525,0
1211,5,51,62,525,0
1212,5,51,62,497,0
1213,5,51,62,469,0
1214,5,51,62,455,0
1215,5,51,62,427,0
1216,5,51,62,399,0
1217,5,51,62,399,0
1218,5,51,62,399,0
1219,5,51,62,371,0
1220,5,51,62,357,0
1221,5,51,62,357,0
1222,5,51,62,343,0
1223,5,51,62,343,0
1224,5,51,62,329,0
1225,5,51,62,329,0
1226,5,51,62,329,0
1227,5,52,62,308,0
1228,5,52,62,273,0
1229,5,52,62,238,0
1230,5,52,62,238,0
1231,5,52,62,224,0
1232,5,52,62,210,0
1233,5,52,62,183,0
1234,5,52,62,183,0
1235,5,52,62,183,0
1236,5,52,62,169,0
1237,5,52,62,169,0
1238,6,53,66,1338,0
1239,6,53,66,1311,0
1240,6,53,66,1284,0
1241,6,53,66,1257,0
1242,6,53,66,1257,0
1243,6,53,66,1230,0
1244,6,53,66,1203,0
1245,6,53,66,1176,0
1246,6,53,66,1176,0
1247,6,53,66,1149,0
1248,6,54,66,1149,0
1249,6,54,66,1095,0
1250,6,54,66,1041,0
1251,6,54,67,1297,0
1252,6,54,67,1297,0
1253,6,54,67,1243,0
1254,6,54,67,1189,0
1255,6,54,67,1189,0
1256,6,54,67,1162,0
1257,6,54,67,1162,0
1258,6,54,67,1135,0
1259,6,54,67,1108,0
1260,6,54,67,1081,0
1261,6,54,67,1081,0
1262,6,54,67,1054,0
1263,6,55,67,1054,0
1264,6,55,67,1054,0
1265,6,55,67,1027,0
1266,6,55,67,1027,0
1267,6,55,67,1000,0
1268,6,55,67,1000,0
1269,6,55,67,973,0
1270,6,55,67,973,0
1271,6,55,67,973,0
1272,6,56,67,973,0
1273,6,56,67,973,0
1274,6,56,67,973,0
1275,6,56,67,941,0
1276,6,56,67,941,0
1277,6,56,67,941,0
1278,6,56,67,909,0
1279,6,56,67,909,0
1280,6,56,67,909,0
1281,6,56,67,877,0
1282,6,56,67,877,0
1283,6,56,67,877,0
1284,6,56,67,845,0
1285,6,56,67,845,0
1286,6,56,67,845,0
1287,6,57,67,845,0
1288,6,57,67,818,0
1289,6,57,67,791,0
1290,6,57,67,764,0
1291,6,57,67,751,0
1292,6,57,67,751,0
1293,6,57,67,751,0
1294,6,57,67,751,0
1295,6,57,67,751,0
1296,6,58,67,751,0
1297,6,58,67,724,0
1298,6,58,67,670,0
1299,6,58,67,643,0
1300,6,58,67,616,0
1301,6,58,67,589,0
1302,6,58,67,535,0
1303,6,58,67,508,0
1304,6,58,67,508,0
1305,6,58,67,454,0
1306,6,58,67,427,0
1307,6,58,67,427,0
1308,6,58,67,400,0
1309,6,58,67,400,0
1310,6,58,67,373,0
1311,6,58,67,346,0
1312,6,58,67,319,0
1313,6,59,67,319,0
1314,6,59,67,292,0
1315,6,59,67,265,0
1316,6,59,67,206,0
1317,6,59,67,206,0
1318,6,59,67,179,0
1319,6,59,67,120,0
1320,6,59,67,93,0
1321,6,59,67,93,0
1322,6,59,67,34,0
1323,6,59,67,7,0
1324,6,59,67,7,0
1325,6,53,71,1425,0
1326,6,53,71,1399,0
1327,6,53,71,1373,0
1328,6,53,71,1373,0
1329,6,53,71,1347,0
1330,6,53,71,1321,0
1331,6,53,71,1295,0
1332,6,54,71,1295,0
1333,6,54,71,1243,0
1334,6,54,71,1191,0
1335,6,54,71,1191,0
1336,6,54,71,1139,0
1337,6,54,71,1087,0
1338,6,54,71,1035,0
1339,6,54,71,1035,0
1340,6,54,71,1035,0
1341,6,54,71,1009,0
1342,6,54,71,983,0
1343,6,54,71,957,0
1344,6,54,71,957,0
1345,6,54,71,931,0
1346,6,54,71,905,0
1347,6,54,71,905,0
1348,6,54,71,879,0
1349,6,55,71,879,0
1350,6,55,71,879,0
1351,6,55,72,1425,0
1352,6,55,72,1425,0
1353,6,55,72,1399,0
1354,6,55,72,1399,0
1355,6,55,72,1399,0
1356,6,55,72,1373,0
1357,6,55,72,1373,0
1358,6,55,72,1347,0
1359,6,56,72,1347,0
1360,6,56,72,1347,0
1361,6,56,72,1347,0
1362,6,56,72,1316,0
1363,6,56,72,1316,0
1364,6,56,72,1316,0
1365,6,56,72,1285,0
1366,6,56,72,1285,0
1367,6,56,72,1285,0
1368,6,56,72,1285,0
1369,6,56,72,1254,0
1370,6,56,72,1254,0
1371,6,56,72,1254,0
1372,6,57,72,1254,0
1373,6,57,72,1228,0
1374,6,57,72,1202,0
1375,6,57,72,1202,0
1376,6,57,72,1164,0
1377,6,57,72,1138,0
1378,6,57,72,1138,0
1379,6,57,72,1138,0
1380,6,57,72,1138,0
1381,6,57,72,1126,0
1382,6,57,72,1126,0
1383,6,58,72,1126,0
1384,6,58,72,1100,0
1385,6,58,72,1048,0
1386,6,58,72,1048,0
1387,6,58,72,996,0
1388,6,58,72,970,0
1389,6,58,72,970,0
1390,6,58,72,918,0
1391,6,58,72,892,0
1392,6,58,72,892,0
1393,6,58,72,866,0
1394,6,58,72,866,0
1395,6,58,72,840,0
1396,6,59,72,840,0
1397,6,59,72,814,0
1398,6,59,72,788,0
1399,6,59,72,757,0
1400,6,59,72,731,0
1401,6,59,72,705,0
1402,6,59,72,674,0
1403,6,59,72,648,0
1404,6,59,72,622,0
1405,6,59,72,596,0
1406,6,59,72,565,0
1407,6,59,72,539,0
1408,6,59,72,539,0
1409,6,59,72,513,0
1410,6,59,72,513,0
1411,6,60,72,513,0
1412,6,60,72,513,0
1413,6,60,72,461,0
1414,6,60,72,461,0
1415,6,60,72,409,0
1416,6,60,72,409,0
1417,6,60,72,409,0
1418,6,60,72,409,0
1419,6,60,72,383,0
1420,6,60,72,383,0
1421,6,60,72,357,0
1422,6,60,72,357,0
1423,6,60,72,357,0
1424,6,60,72,331,0
1425,6,60,72,331,0
1426,6,60,72,305,0
1427,6,61,72,305,0
1428,6,61,72,279,0
1429,6,61,72,253,0
1430,6,61,72,222,0
1431,6,61,72,184,0
1432,6,61,72,158,0
1433,6,61,72,127,0
1434,6,61,72,101,0
1435,6,61,72,63,0
1436,6,61,72,37,0
1437,6,61,72,6,0
1438,6,53,76,1538,0
1439,6,53,76,1513,0
1440,6,53,76,1488,0
1441,6,53,76,1488,0
1442,6,53,76,1463,0
1443,6,53,76,1438,0
1444,6,53,76,1438,0
1445,6,53,76,1413,0
1446,6,54,76,1413,0
1447,6,54,76,1363,0
1448,6,54,76,1313,0
1449,6,54,76,1313,0
1450,6,54,76,1263,0
1451,6,54,77,1501,0
1452,6,54,77,1501,0
1453,6,54,77,1451,0
1454,6,54,77,1451,0
1455,6,54,77,1426,0
1456,6,54,77,1426,0
1457,6,55,77,1426,0
1458,6,55,77,1426,0
1459,6,55,77,1401,0
1460,6,55,77,1401,0
1461,6,55,77,1401,0
1462,6,55,77,1376,0
1463,6,55,77,1376,0
1464,6,55,77,1351,0
1465,6,55,77,1351,0
1466,6,55,77,1351,0
1467,6,56,77,1351,0
1468,6,56,77,1351,0
1469,6,56,77,1351,0
1470,6,56,77,1321,0
1471,6,56,77,1321,0
1472,6,56,77,1321,0
1473,6,56,77,1321,0
1474,6,56,77,1291,0
1475,6,56,77,1291,0
1476,6,56,77,1291,0
1477,6,57,77,1291,0
1478,6,57,77,1266,0
1479,6,57,77,1241,0
1480,6,57,77,1241,0
1481,6,57,77,1241,0
1482,6,57,77,1230,0
1483,6,57,77,1230,0
1484,6,57,77,1230,0
1485,6,58,77,1230,0
1486,6,58,77,1205,0
1487,6,58,77,1155,0
1488,6,58,77,1155,0
1489,6,58,77,1130,0
1490,6,58,77,1080,0
1491,6,58,77,1080,0
1492,6,58,77,1080,0
1493,6,58,77,1055,0
1494,6,58,77,1030,0
1495,6,58,77,1030,0
1496,6,58,77,1005,0
1497,6,58,77,980,0
1498,6,59,77,980,0
1499,6,59,77,955,0
1500,6,59,77,930,0
1501,6,59,77,900,0
1502,6,59,77,875,0
1503,6,59,77,850,0
1504,6,59,77,850,0
1505,6,59,77,795,0
1506,6,59,77,770,0
1507,6,59,77,770,0
1508,6,59,77,715,0
1509,6,59,77,715,0
1510,6,59,77,690,0
1511,6,59,77,690,0
1512,6,59,77,665,0
1513,6,59,77,640,0
1514,6,59,77,640,0
1515,6,59,77,615,0
1516,6,60,77,615,0
1517,6,60,77,615,0
1518,6,60,77,565,0
1519,6,60,77,565,0
1520,6,60,77,565,0
1521,6,60,77,515,0
1522,6,60,77,515,0
1523,6,60,77,465,0
1524,6,60,77,465,0
1525,6,60,77,465,0
1526,6,60,77,465,0
1527,6,60,77,440,0
1528,6,60,77,440,0
1529,6,60,77,415,0
1530,6,60,77,415,0
1531,6,60,77,415,0
1532,6,60,77,390,0
1533,6,60,77,390,0
1534,6,60,77,390,0
1535,6,60,77,365,0
1536,6,60,77,365,0
1537,6,61,77,365,0
1538,6,61,77,340,0
1539,6,61,77,315,0
1540,6,61,77,285,0
1541,6,61,77,249,0
1542,6,61,77,224,0
1543,6,61,77,224,0
1544,6,61,77,169,0
1545,6,61,77,144,0
1546,6,61,77,133,0
1547,6,61,77,133,0
1548,6,61,77,108,0
1549,6,61,77,108,0
1550,6,61,77,83,0
1551,6,61,155,3102,0
1552,6,62,155,3102,0
1553,6,62,155,3102,0
1554,6,62,155,3084,0
1555,6,62,155,3084,0
1556,6,62,155,3084,0
1557,6,62,155,3057,0
1558,6,62,155,3057,0
1559,6,62,155,3057,0
1560,6,62,155,3057,0
1561,6,62,155,3039,0
1562,6,62,155,3039,0
1563,6,62,155,3039,0
1564,6,62,155,3039,0
1565,6,62,155,3039,0
1566,6,62,155,3030,0
1567,7,63,83,1667,0
1568,7,64,83,1667,0
1569,7,64,83,1667,0
1570,7,65,83,1667,0
1571,7,65,83,1633,0
1572,7,65,83,1599,0
1573,7,65,83,1565,0
1574,7,65,83,1565,0
1575,7,65,83,1531,0
1576,7,65,83,1531,0
1577,7,65,83,1514,0
1578,7,65,83,1497,0
1579,7,65,83,1480,0
1580,7,65,83,1480,0
1581,7,66,83,1480,0
1582,7,66,83,1480,0
1583,7,66,83,1463,0
1584,7,66,83,1422,0
1585,7,66,83,1405,0
1586,7,66,83,1405,0
1587,7,66,83,1364,0
1588,7,66,83,1347,0
1589,7,66,83,1330,0
1590,7,66,83,1289,0
1591,7,66,83,1289,0
1592,7,66,83,1272,0
1593,7,66,83,1231,0
1594,7,66,83,1231,0
1595,7,66,83,1214,0
1596,7,66,83,1197,0
1597,7,66,83,1197,0
1598,7,66,83,1180,0
1599,7,67,83,1180,0
1600,7,67,83,1180,0
1601,7,68,83,1180,0
1602,7,68,83,1146,0
1603,7,68,83,1146,0
1604,7,68,83,1146,0
1605,7,68,83,1088,0
1606,7,68,83,1054,0
1607,7,68,83,1054,0
1608,7,68,83,996,0
1609,7,68,83,962,0
1610,7,68,83,928,0
1611,7,68,83,870,0
1612,7,68,83,870,0
1613,7,68,83,836,0
1614,7,68,83,778,0
1615,7,68,83,744,0
1616,7,68,83,686,0
1617,7,68,83,686,0
1618,7,68,83,652,0
1619,7,68,83,652,0
1620,7,68,83,618,0
1621,7,68,83,584,0
1622,7,68,83,550,0
1623,7,68,83,550,0
1624,7,68,83,550,0
1625,7,68,83,533,0
1626,7,68,83,516,0
1627,7,68,83,499,0
1628,7,69,83,499,0
1629,7,69,83,465,0
1630,7,69,83,465,0
1631,7,69,83,465,0
1632,7,69,83,407,0
1633,7,69,83,373,0
1634,7,69,83,373,0
1635,7,69,83,315,0
1636,7,69,83,281,0
1637,7,69,83,247,0
1638,7,69,83,189,0
1639,7,69,83,189,0
1640,7,69,83,155,0
1641,7,69,83,97,0
1642,7,69,83,63,0
1643,7,69,83,5,0
1644,7,69,83,5,0
1645,7,69,83,5,0
1646,7,63,87,1746,0
1647,7,64,87,1746,0
1648,7,64,87,1746,0
1649,7,65,87,1746,0
1650,7,65,87,1714,0
1651,7,65,87,1719,0
1652,7,65,87,1687,0
1653,7,65,87,1687,0
1654,7,65,87,1687,0
1655,7,65,87,1671,0
1656,7,65,87,1655,0
1657,7,65,87,1639,0
1658,7,66,87,1639,0
1659,7,66,87,1639,0
1660,7,66,87,1623,0
1661,7,66,87,1584,0
1662,7,66,87,1568,0
1663,7,66,87,1568,0
1664,7,66,87,1529,0
1665,7,66,87,1513,0
1666,7,66,87,1513,0
1667,7,66,87,1497,0
1668,7,66,87,1497,0
1669,7,67,87,1497,0
1670,7,68,87,1497,0
1671,7,68,87,1497,0
1672,7,68,87,1497,0
1673,7,68,87,1465,0
1674,7,68,87,1410,0
1675,7,68,87,1378,0
1676,7,68,87,1378,0
1677,7,68,87,1323,0
1678,7,68,87,1291,0
1679,7,68,87,1291,0
1680,7,68,87,1259,0
1681,7,68,87,1259,0
1682,7,68,87,1259,0
1683,7,68,87,1243,0
1684,7,69,87,1243,0
1685,7,69,87,1243,0
1686,7,69,87,1243,0
1687,7,69,87,1211,0
1688,7,69,87,1156,0
1689,7,69,87,1124,0
1690,7,69,87,1124,0
1691,7,69,87,1069,0
1692,7,69,87,1037,0
1693,7,69,87,1005,0
1694,7,69,87,982,0
1695,7,69,87,982,0
1696,7,69,87,950,0
1697,7,69,87,918,0
1698,7,69,87,886,0
1699,7,69,87,886,0
1700,7,69,87,886,0
1701,7,69,87,870,0
1702,7,69,87,854,0
1703,7,69,87,838,0
1704,7,70,87,838,0
1705,7,70,87,806,0
1706,7,70,87,806,0
1707,7,70,87,806,0
1708,7,70,87,751,0
1709,7,70,87,719,0
1710,7,70,87,719,0
1711,7,70,87,664,0
1712,7,70,87,632,0
1713,7,70,87,600,0
1714,7,70,87,600,0
1715,7,70,87,600,0
1716,7,70,87,600,0
1717,7,70,87,584,0
1718,7,70,87,568,0
1719,7,71,87,568,0
1720,7,71,87,536,0
1721,7,71,87,536,0
1722,7,71,87,536,0
1723,7,71,87,481,0
1724,7,71,87,449,0
1725,7,71,87,449,0
1726,7,71,87,394,0
1727,7,71,87,362,0
1728,7,71,87,330,0
1729,7,71,87,307,0
1730,7,71,87,307,0
1731,7,71,87,275,0
1732,7,71,87,243,0
1733,7,71,87,211,0
1734,7,71,87,211,0
1735,7,71,87,211,0
1736,7,71,87,195,0
1737,7,72,87,195,0
1738,7,72,87,195,0
1739,7,72,87,163,0
1740,7,72,87,108,0
1741,7,72,87,76,0
1742,7,72,87,76,0
1743,7,72,87,21,0
1744,7,63,92,1844,0
1745,7,64,92,1844,0
1746,7,64,92,1844,0
1747,7,65,92,1844,0
1748,7,65,92,1814,0
1749,7,65,92,1784,0
1750,7,65,92,1784,0
1751,7,65,92,1821,0
1752,7,65,92,1821,0
1753,7,65,92,1806,0
1754,7,65,92,1791,0
1755,7,66,92,1791,0
1756,7,66,92,1791,0
1757,7,66,92,1776,0
1758,7,66,92,1761,0
1759,7,66,92,1739,0
1760,7,66,92,1724,0
1761,7,66,92,1709,0
1762,7,66,92,1709,0
1763,7,66,92,1694,0
1764,7,66,92,1694,0
1765,7,66,92,1679,0
1766,7,67,92,1679,0
1767,7,68,92,1679,0
1768,7,68,92,1649,0
1769,7,68,92,1649,0
1770,7,68,92,1649,0
1771,7,68,92,1619,0
1772,7,68,92,1597,0
1773,7,68,92,1567,0
1774,7,68,92,1537,0
1775,7,68,92,1485,0
1776,7,68,92,1485,0
1777,7,68,92,1485,0
1778,7,68,92,1455,0
1779,7,68,92,1425,0
1780,7,68,92,1425,0
1781,7,68,92,1425,0
1782,7,68,92,1410,0
1783,7,68,92,1395,0
1784,7,68,92,1380,0
1785,7,69,92,1380,0
1786,7,69,92,1350,0
1787,7,69,92,1350,0
1788,7,69,92,1350,0
1789,7,69,92,1320,0
1790,7,69,92,1298,0
1791,7,69,92,1268,0
1792,7,69,92,1238,0
1793,7,69,92,1238,0
1794,7,69,92,1238,0
1795,7,69,92,1223,0
1796,7,70,92,1223,0
1797,7,70,92,1223,0
1798,7,70,92,1193,0
1799,7,70,92,1163,0
1800,7,70,92,1141,0
1801,7,70,92,1111,0
1802,7,70,92,1081,0
1803,7,70,92,1029,0
1804,7,70,92,1029,0
1805,7,70,92,1029,0
1806,7,70,92,1029,0
1807,7,71,92,1029,0
1808,7,71,92,1029,0
1809,7,71,92,1029,0
1810,7,71,92,999,0
1811,7,71,92,969,0
1812,7,71,92,947,0
1813,7,71,92,917,0
1814,7,71,92,887,0
1815,7,71,92,835,0
1816,7,71,92,835,0
1817,7,71,92,835,0
1818,7,71,92,805,0
1819,7,71,92,775,0
1820,7,71,92,775,0
1821,7,71,92,775,0
1822,7,71,92,760,0
1823,7,72,92,760,0
1824,7,72,92,760,0
1825,7,72,92,760,0
1826,7,72,92,730,0
1827,7,72,92,700,0
1828,7,72,92,678,0
1829,7,72,92,648,0
1830,7,72,92,618,0
1831,7,72,92,566,0
1832,7,72,92,566,0
1833,7,72,92,536,0
1834,7,72,92,484,0
1835,7,72,92,484,0
1836,7,72,92,484,0
1837,7,72,92,454,0
1838,7,72,92,454,0
1839,7,72,92,439,0
1840,7,72,92,424,0
1841,7,73,92,424,0
1842,7,73,92,394,0
1843,7,73,92,394,0
1844,7,73,92,394,0
1845,7,73,92,364,0
1846,7,73,92,342,0
1847,7,73,92,312,0
1848,7,73,92,282,0
1849,7,73,92,282,0
1850,7,73,92,282,0
1851,7,74,185,3702,0
1852,7,74,185,3702,0
1853,7,74,185,3702,0
1854,7,74,185,3702,0
1855,7,74,185,3702,0
1856,7,74,185,3702,0
1857,7,74,185,3702,0
1858,7,74,185,3702,0
1859,7,74,185,3702,0
1860,7,74,185,3702,0
1861,7,74,185,3702,0
1862,7,74,185,3702,0
1863,7,75,185,3702,0
1864,7,75,185,3702,0
1865,7,75,185,3702,0
1866,7,75,185,3702,0
1867,7,75,185,3702,0
1868,7,75,185,3702,0
1869,7,75,185,3702,0
1870,7,75,185,3702,0
1871,7,75,185,3702,0
1872,7,75,185,3702,0
1873,7,76,185,3702,0
1874,7,76,185,3702,0
1875,7,76,185,3702,0
1876,7,76,185,3702,0
1877,7,76,185,3702,0
1878,7,76,185,3702,0
1879,7,76,185,3702,0
1880,7,76,185,3702,0
1881,7,76,185,3702,0
1882,7,76,185,3702,0
1883,7,77,185,3702,0
1884,7,77,185,3702,0
1885,7,77,185,3702,0
1886,7,77,185,3702,0
1887,7,77,185,3702,0
1888,7,77,185,3702,0
1889,7,78,185,3702,0
1890,7,78,185,3702,0
1891,7,78,185,3702,0
1892,7,78,185,3702,0
1893,7,78,185,3702,0
1894,7,78,185,3702,0
1895,7,78,185,3702,0
1896,7,78,185,3702,0
1897,7,79,185,3702,0
1898,7,79,185,3702,0
1899,7,79,185,3702,0
1900,7,79,185,3702,0
1901,7,79,185,3702,0
1902,7,79,185,3702,0
1903,7,80,185,3702,0
1904,7,80,185,3702,0
1905,7,80,185,3702,0
1906,7,80,185,3702,0
1907,7,80,185,3702,0
1908,7,80,185,3702,0
1909,7,80,185,3702,0
1910,7,80,185,3702,0
1911,7,80,185,3702,0
1912,7,81,185,3702,0
1913,7,81,185,3702,0
1914,7,81,185,3702,0
1915,7,81,185,3702,0
1916,7,81,185,3702,0
1917,7,81,185,3702,0
1918,7,81,185,3702,0
1919,7,82,185,3702,0
1920,7,82,185,3702,0
1921,7,82,185,3702,0
1922,7,82,185,3702,0
1923,7,82,185,3702,0
1924,7,82,185,3702,0
1925,7,82,185,3702,0
1926,7,83,185,3702,0
1927,7,83,185,3702,0
1928,7,83,185,3702,0
1929,7,83,185,3702,0
1930,7,83,185,3702,0
1931,7,83,185,3702,0
1932,7,83,185,3702,0
1933,7,83,185,3702,0
1934,7,84,185,3702,0
1935,7,84,185,3702,0
1936,7,84,185,3702,0
1937,7,84,185,3702,0
1938,7,84,185,3702,0
1939,7,84,185,3702,0
1940,7,84,185,3702,0
1941,7,85,185,3702,0
1942,7,85,185,3702,0
1943,7,85,185,3702,0
1944,7,85,185,3702,0
1945,7,85,185,3702,0
1946,7,85,185,3702,0
1947,7,85,185,3702,0
1948,7,85,185,3702,0
1949,7,85,185,3702,0
1950,7,86,185,3702,0
1951,7,86,282,5653,0
1952,7,86,282,5653,0
1953,7,86,282,5653,0
1954,7,86,282,5653,0
1955,7,86,282,5653,0
1956,7,87,282,5653,0
1957,7,87,282,5653,0
1958,7,87,282,5653,0
1959,7,87,282,5653,0
1960,7,87,282,5653,0
1961,7,87,282,5653,0
1962,7,87,282,5653,0
1963,7,87,282,5653,0
1964,7,88,282,5653,0
1965,7,88,282,5653,0
1966,7,88,282,5653,0
1967,7,89,282,5653,0
1968,7,89,282,5653,0
1969,7,89,282,5653,0
1970,7,90,282,5653,0
1971,7,90,282,5653,0
1972,7,90,282,5653,0
1973,7,91,282,5653,0
1974,7,91,282,5653,0
1975,7,91,282,5653,0
1976,7,91,282,5653,0
1977,7,92,282,5653,0
1978,7,92,282,5653,0
1979,7,92,282,5653,0
1980,7,92,282,5653,0
1981,7,92,282,5653,0
1982,7,92,282,5653,0
1983,7,92,282,5653,0
1984,7,92,282,5653,0
1985,7,93,282,5653,0
1986,7,93,282,5653,0
1987,7,93,282,5653,0
1988,7,93,282,5653,0
1989,7,93,282,5653,0
1990,7,93,282,5653,0
1991,7,93,282,5653,0
1992,7,94,282,5653,0
1993,7,94,282,5653,0
1994,7,94,282,5653,0
1995,7,94,282,5653,0
1996,7,94,282,5653,0
1997,7,94,282,5653,0
1998,7,94,282,5653,0
1999,7,95,282,5653,0
2000,7,95,282,5653,0
2001,7,95,282,5653,0
2002,7,95,282,5653,0
2003,7,95,282,5653,0
2004,7,95,282,5653,0
2005,7,96,282,5653,0
2006,7,96,282,5653,0
2007,7,96,282,5653,0
2008,7,96,282,5653,0
2009,7,96,282,5653,0
2010,7,96,282,5653,0
2011,7,96,282,5653,0
2012,7,97,282,5653,0
2013,7,97,282,5653,0
2014,7,97,282,5653,0
2015,7,97,282,5653,0
2016,7,97,282,5653,0
2017,7,97,282,5653,0
2018,7,97,282,5653,0
2019,7,98,282,5653,0
2020,7,98,282,5653,0
2021,7,98,282,5653,0
2022,7,98,282,5653,0
2023,7,98,282,5653,0
2024,7,98,282,5653,0
2025,7,98,282,5653,0
2026,7,99,282,5653,0
2027,7,99,282,5653,0
2028,7,99,282,5653,0
2029,7,99,282,5653,0
2030,7,99,282,5653,0
2031,7,99,282,5653,0
2032,7,99,282,5653,0
2033,7,99,282,5653,0
2034,7,100,282,5653,0
2035,7,100,282,5653,0
2036,7,100,282,5653,0
2037,7,100,282,5653,0
2038,7,100,282,5653,0
2039,7,100,282,5653,0
2040,7,100,282,5653,0
2041,7,101,282,5653,0
2042,7,101,282,5653,0
2043,7,101,282,5653,0
2044,7,101,282,5653,0
2045,7,101,282,5653,0
2046,7,101,282,5653,0
2047,7,101,282,5653,0
2048,7,102,282,5653,0
2049,7,102,282,5653,0
2050,7,102,282,5653,0
2051,7,102,385,7704,0
2052,7,103,385,7704,0
2053,7,103,385,7704,0
2054,7,103,385,7704,0
2055,7,104,385,7704,0
2056,7,104,385,7704,0
2057,7,104,385,7704,0
2058,7,104,385,7704,0
2059,7,104,385,7704,0
2060,7,104,385,7704,0
2061,7,104,385,7704,0
2062,7,104,385,7704,0
2063,7,105,385,7704,0
2064,7,105,385,7704,0
2065,7,105,385,7704,0
2066,7,105,385,7704,0
2067,7,105,385,7704,0
2068,7,106,385,7704,0
2069,7,106,385,7704,0
2070,7,106,385,7704,0
2071,7,106,385,7704,0
2072,7,106,385,7704,0
2073,7,106,385,7704,0
2074,7,107,385,7704,0
2075,7,107,385,7704,0
2076,7,107,385,7704,0
2077,7,107,385,7704,0
2078,7,107,385,7704,0
2079,7,107,385,7704,0
2080,7,107,385,7704,0
2081,7,108,385,7704,0
2082,7,108,385,7704,0
2083,7,108,385,7704,0
2084,7,108,385,7704,0
2085,7,108,385,7704,0
2086,7,109,385,7704,0
2087,7,109,385,7704,0
2088,7,109,385,7704,0
2089,7,109,385,7704,0
2090,7,109,385,7704,0
2091,7,110,385,7704,0
2092,7,110,385,7704,0
2093,7,110,385,7704,0
2094,7,110,385,7704,0
2095,7,110,385,7704,0
2096,7,110,385,7704,0
2097,7,111,385,7704,0
2098,7,111,385,7704,0
2099,7,111,385,7704,0
2100,7,111,385,7704,0
2101,7,111,385,7704,0
2102,7,112,385,7704,0
2103,7,112,385,7704,0
2104,7,112,385,7704,0
2105,7,113,385,7704,0
2106,7,113,385,7704,0
2107,7,113,385,7704,0
2108,7,113,385,7704,0
2109,7,114,385,7704,0
2110,7,114,385,7704,0
2111,7,114,385,7704,0
2112,7,115,385,7704,0
2113,7,115,385,7704,0
2114,7,115,385,7704,0
2115,7,115,385,7704,0
2116,7,115,385,7704,0
2117,7,115,385,7704,0
2118,7,115,385,7704,0
2119,7,116,385,7704,0
2120,7,116,385,7704,0
2121,7,116,385,7704,0
2122,7,116,385,7704,0
2123,7,116,385,7704,0
2124,7,116,385,7704,0
2125,7,117,385,7704,0
2126,7,117,385,7704,0
2127,7,117,385,7704,0
2128,7,117,385,7704,0
2129,7,118,385,7704,0
2130,7,118,385,7704,0
2131,7,118,385,7704,0
2132,7,118,385,7704,0
2133,7,118,385,7704,0
2134,7,118,385,7704,0
2135,7,118,385,7704,0
2136,7,119,385,7704,0
2137,7,119,385,7704,0
2138,7,119,385,7704,0
2139,7,119,385,7704,0
2140,7,119,385,7704,0
2141,7,120,385,7704,0
2142,7,120,385,7704,0
2143,7,120,385,7704,0
2144,7,120,385,7704,0
2145,7,120,385,7704,0
2146,7,121,385,7704,0
2147,7,121,385,7704,0
2148,7,121,385,7704,0
2149,7,121,385,7704,0
2150,7,121,385,7704,0
2151,7,121,492,9855,0
2152,7,121,492,9855,0
2153,7,121,492,9855,0
2154,7,122,492,9855,0
2155,7,122,492,9855,0
2156,7,122,492,9855,0
2157,7,122,492,9855,0
2158,7,122,492,9855,0
2159,7,123,492,9855,0
2160,7,123,492,9855,0
2161,7,124,492,9855,0
2162,7,124,492,9855,0
2163,7,124,492,9855,0
2164,7,124,492,9855,0
2165,7,124,492,9855,0
2166,7,124,492,9855,0
2167,7,124,492,9855,0
2168,7,124,492,9855,0
2169,7,125,492,9855,0
2170,7,125,492,9855,0
2171,7,125,492,9855,0
2172,7,125,492,9855,0
2173,7,125,492,9855,0
2174,7,125,492,9855,0
2175,7,126,492,9855,0
2176,7,126,492,9855,0
2177,7,126,492,9855,0
2178,7,126,492,9855,0
2179,7,126,492,9855,0
2180,7,126,492,9855,0
2181,7,126,492,9855,0
2182,7,127,492,9855,0
2183,7,127,492,9855,0
2184,7,127,492,9855,0
2185,7,127,492,9855,0
2186,7,127,492,9855,0
2187,7,128,492,9855,0
2188,7,128,492,9855,0
2189,7,128,492,9855,0
2190,7,129,492,9855,0
2191,7,129,492,9855,0
2192,7,129,492,9855,0
2193,7,129,492,9855,0
2194,7,129,492,9855,0
2195,7,129,492,9855,0
2196,7,130,492,9855,0
2197,7,130,492,9855,0
2198,7,130,492,9855,0
2199,7,130,492,9855,0
2200,7,131,492,9855,0
2201,7,131,492,9855,0
2202,7,131,492,9855,0
2203,7,131,492,9855,0
2204,7,131,492,9855,0
2205,7,131,492,9855,0
2206,7,132,492,9855,0
2207,7,132,492,9855,0
2208,7,132,492,9855,0
2209,7,133,492,9855,0
2210,7,133,492,9855,0
2211,7,133,492,9855,0
2212,7,133,492,9855,0
2213,7,133,492,9855,0
2214,7,133,492,9855,0
2215,7,134,492,9855,0
2216,7,134,492,9855,0
2217,7,134,492,9855,0
2218,7,134,492,9855,0
2219,7,134,492,9855,0
2220,7,134,492,9855,0
2221,7,134,492,9855,0
2222,7,135,492,9855,0
2223,7,135,492,9855,0
2224,7,135,492,9855,0
2225,7,135,492,9855,0
2226,7,135,492,9855,0
2227,7,135,492,9855,0
2228,7,135,492,9855,0
2229,7,135,492,9855,0
2230,7,136,492,9855,0
2231,7,136,492,9855,0
2232,7,136,492,9855,0
2233,7,136,492,9855,0
2234,7,136,492,9855,0
2235,7,136,492,9855,0
2236,7,136,492,9855,0
2237,7,137,492,9855,0
2238,7,137,492,9855,0
2239,7,138,492,9855,0
2240,7,138,492,9855,0
2241,7,138,492,9855,0
2242,7,138,492,9855,0
2243,7,138,492,9855,0
2244,7,139,492,9855,0
2245,7,139,492,9855,0
2246,7,139,492,9855,0
2247,7,139,492,9855,0
2248,7,139,492,9855,0
2249,7,139,492,9855,0
2250,7,139,492,9855,0
2251,7,140,605,12106,0
2252,7,140,605,12106,0
2253,7,141,605,12106,0
2254,7,141,605,12106,0
2255,7,141,605,12106,0
2256,7,141,605,12106,0
2257,7,141,605,12106,0
2258,7,141,605,12106,0
2259,7,142,605,12106,0
2260,7,142,605,12106,0
2261,7,142,605,12106,0
2262,7,142,605,12106,0
2263,7,142,605,12106,0
2264,7,142,605,12106,0
2265,7,143,605,12106,0
2266,7,143,605,12106,0
2267,7,143,605,12106,0
2268,7,143,605,12106,0
2269,7,143,605,12106,0
2270,7,144,605,12106,0
2271,7,144,605,12106,0
2272,7,144,605,12106,0
2273,7,145,605,12106,0
2274,7,145,605,12106,0
2275,7,145,605,12106,0
2276,7,145,605,12106,0
2277,7,145,605,12106,0
2278,7,145,605,12106,0
2279,7,146,605,12106,0
2280,7,146,605,12106,0
2281,7,146,605,12106,0
2282,7,146,605,12106,0
2283,7,146,605,12106,0
2284,7,146,605,12106,0
2285,7,147,605,12106,0
2286,7,147,605,12106,0
2287,7,148,605,12106,0
2288,7,148,605,12106,0
2289,7,148,605,12106,0
2290,7,148,605,12106,0
2291,7,148,605,12106,0
2292,7,148,605,12106,0
2293,7,149,605,12106,0
2294,7,150,605,12106,0
2295,7,150,605,12106,0
2296,7,150,605,12106,0
2297,7,150,605,12106,0
2298,7,150,605,12106,0
2299,7,150,605,12106,0
2300,7,151,605,12106,0
2301,7,152,605,12106,0
2302,7,152,605,12106,0
2303,7,152,605,12106,0
2304,7,152,605,12106,0
2305,7,152,605,12106,0
2306,7,152,605,12106,0
2307,7,153,605,12106,0
2308,7,153,605,12106,0
2309,7,153,605,12106,0
2310,7,153,605,12106,0
2311,7,153,605,12106,0
2312,7,153,605,12106,0
2313,7,154,605,12106,0
2314,7,154,605,12106,0
2315,7,154,605,12106,0
2316,7,154,605,12106,0
2317,7,154,605,12106,0
2318,7,155,605,12106,0
2319,7,155,605,12106,0
2320,7,155,605,12106,0
2321,7,155,605,12106,0
2322,7,155,605,12106,0
2323,7,155,605,12106,0
2324,7,156,605,12106,0
2325,7,156,605,12106,0
2326,7,156,605,12106,0
2327,7,156,605,12106,0
2328,7,156,605,12106,0
2329,7,157,605,12106,0
2330,7,157,605,12106,0
2331,7,157,605,12106,0
2332,7,158,605,12106,0
2333,7,158,605,12106,0
2334,7,158,605,12106,0
2335,7,158,605,12106,0
2336,7,158,605,12106,0
2337,7,159,605,12106,0
2338,7,159,605,12106,0
2339,7,159,605,12106,0
2340,7,159,605,12106,0
2341,7,160,605,12106,0
2342,7,160,605,12106,0
2343,7,160,605,12106,0
2344,7,160,605,12106,0
2345,7,160,605,12106,0
2346,7,160,605,12106,0
2347,7,160,605,12106,0
2348,7,161,605,12106,0
2349,7,161,605,12106,0
2350,7,162,605,12106,0
2351,7,162,722,14457,0
2352,7,162,722,14457,0
2353,7,162,722,14457,0
2354,7,162,722,14457,0
2355,7,163,722,14457,0
2356,7,164,722,14457,0
2357,7,164,722,14457,0
2358,7,165,722,14457,0
2359,7,165,722,14457,0
2360,7,165,722,14457,0
2361,7,166,722,14457,0
2362,7,166,722,14457,0
2363,7,166,722,14457,0
2364,7,166,722,14457,0
2365,7,166,722,14457,0
2366,7,166,722,14457,0
2367,7,167,722,14457,0
2368,7,167,722,14457,0
2369,7,167,722,14457,0
2370,7,167,722,14457,0
2371,7,168,722,14457,0
2372,7,168,722,14457,0
2373,7,168,722,14457,0
2374,7,168,722,14457,0
2375,7,168,722,14457,0
2376,7,169,722,14457,0
2377,7,169,722,14457,0
2378,7,169,722,14457,0
2379,7,169,722,14457,0
2380,7,169,722,14457,0
2381,7,169,722,14457,0
2382,7,170,722,14457,0
2383,7,170,722,14457,0
2384,7,171,722,14457,0
2385,7,171,722,14457,0
2386,7,171,722,14457,0
2387,7,172,722,14457,0
2388,7,172,722,14457,0
2389,7,173,722,14457,0
2390,7,174,722,14457,0
2391,7,174,722,14457,0
2392,7,174,722,14457,0
2393,7,174,722,14457,0
2394,7,174,722,14457,0
2395,7,174,722,14457,0
2396,7,175,722,14457,0
2397,7,175,722,14457,0
2398,7,175,722,14457,0
2399,7,175,722,14457,0
2400,7,175,722,14457,0
2401,7,175,722,14457,0
2402,7,176,722,14457,0
2403,7,176,722,14457,0
2404,7,176,722,14457,0
2405,7,176,722,14457,0
2406,7,176,722,14457,0
2407,7,176,722,14457,0
2408,7,177,722,14457,0
2409,7,178,722,14457,0
2410,7,178,722,14457,0
2411,7,178,722,14457,0
2412,7,179,722,14457,0
2413,7,179,722,14457,0
2414,7,179,722,14457,0
2415,7,180,722,14457,0
2416,7,180,722,14457,0
2417,7,180,722,14457,0
2418,7,181,722,14457,0
2419,7,181,722,14457,0
2420,7,181,722,14457,0
2421,7,181,722,14457,0
2422,7,181,722,14457,0
2423,7,182,722,14457,0
2424,7,182,722,14457,0
2425,7,183,722,14457,0
2426,7,183,722,14457,0
2427,7,184,722,14457,0
2428,7,184,722,14457,0
2429,7,184,722,14457,0
2430,7,185,722,14457,0
2431,7,186,722,14457,0
2432,7,187,722,14457,0
2433,7,187,722,14457,0
2434,7,187,722,14457,0
2435,7,187,722,14457,0
2436,7,187,722,14457,0
2437,7,187,722,14457,0
2438,7,188,722,14457,0
2439,7,188,722,14457,0
2440,7,188,722,14457,0
2441,7,188,722,14457,0
2442,7,188,722,14457,0
2443,7,189,722,14457,0
2444,7,189,722,14457,0
2445,7,189,722,14457,0
2446,7,189,722,14457,0
2447,7,189,722,14457,0
2448,7,189,722,14457,0
2449,7,190,722,14457,0
2450,7,190,722,14457,0
2451,7,190,845,16908,0
2452,7,190,845,16908,0
2453,7,190,845,16908,0
2454,7,191,845,16908,0
2455,7,191,845,16908,0
2456,7,191,845,16908,0
2457,7,192,845,16908,0
2458,7,192,845,16908,0
2459,7,193,845,16908,0
2460,7,193,845,16908,0
2461,7,193,845,16908,0
2462,7,193,845,16908,0
2463,7,193,845,16908,0
2464,7,193,845,16908,0
2465,7,194,845,16908,0
2466,7,194,845,16908,0
2467,7,194,845,16908,0
2468,7,194,845,16908,0
2469,7,194,845,16908,0
2470,7,195,845,16908,0
2471,7,195,845,16908,0
2472,7,195,845,16908,0
2473,7,195,845,16908,0
2474,7,195,845,16908,0
2475,7,196,845,16908,0
2476,7,196,845,16908,0
2477,7,196,845,16908,0
2478,7,197,845,16908,0
2479,7,197,845,16908,0
2480,7,197,845,16908,0
2481,7,197,845,16908,0
2482,7,198,845,16908,0
2483,7,198,845,16908,0
2484,7,199,845,16908,0
2485,7,199,845,16908,0
2486,7,200,845,16908,0
2487,7,200,845,16908,0
2488,7,200,845,16908,0
2489,7,201,845,16908,0
2490,7,201,845,16908,0
2491,7,201,845,16908,0
2492,7,201,845,16908,0
2493,7,201,845,16908,0
2494,7,202,845,16908,0
2495,7,202,845,16908,0
2496,7,202,845,16908,0
2497,7,202,845,16908,0
2498,7,202,845,16908,0
2499,7,202,845,16908,0
2500,7,203,845,16908,0
2501,7,203,845,16908,0
2502,7,203,845,16908,0
2503,7,203,845,16908,0
2504,7,203,845,16908,0
2505,7,203,845,16908,0
2506,7,204,845,16908,0
2507,7,204,845,16908,0
2508,7,204,845,16908,0
2509,7,204,845,16908,0
2510,7,205,845,16908,0
2511,7,205,845,16908,0
2512,7,205,845,16908,0
2513,7,206,845,16908,0
2514,7,206,845,16908,0
2515,7,206,845,16908,0
2516,7,206,845,16908,0
2517,7,206,845,16908,0
2518,7,207,845,16908,0
2519,7,207,845,16908,0
2520,7,207,845,16908,0
2521,7,207,845,16908,0
2522,7,207,845,16908,0
2523,7,208,845,16908,0
2524,7,208,845,16908,0
2525,7,208,845,16908,0
2526,7,208,845,16908,0
2527,7,208,845,16908,0
2528,7,209,845,16908,0
2529,7,209,845,16908,0
2530,7,210,845,16908,0
2531,7,210,845,16908,0
2532,7,210,845,16908,0
2533,7,210,845,16908,0
2534,7,210,845,16908,0
2535,7,211,845,16908,0
2536,7,211,845,16908,0
2537,7,211,845,16908,0
2538,7,211,845,16908,0
2539,7,212,845,16908,0
2540,7,212,845,16908,0
2541,7,212,845,16908,0
2542,7,213,845,16908,0
2543,7,213,845,16908,0
2544,7,213,845,16908,0
2545,7,213,845,16908,0
2546,7,213,845,16908,0
2547,7,213,845,16908,0
2548,7,214,845,16908,0
2549,7,214,845,16908,0
2550,7,214,845,16908,0
2551,7,214,972,19459,0
2552,7,215,972,19459,0
2553,7,215,972,19459,0
2554,7,215,972,19459,0
2555,7,215,972,19459,0
2556,7,215,972,19459,0
2557,7,215,972,19459,0
2558,7,216,972,19459,0
2559,7,216,972,19459,0
2560,7,216,972,19459,0
2561,7,217,972,19459,0
2562,7,217,972,19459,0
2563,7,217,972,19459,0
2564,7,217,972,19459,0
2565,7,217,972,19459,0
2566,7,218,972,19459,0
2567,7,218,972,19459,0
2568,7,218,972,19459,0
2569,7,218,972,19459,0
2570,7,218,972,19459,0
2571,7,218,972,19459,0
2572,7,219,972,19459,0
2573,7,219,972,19459,0
2574,7,219,972,19459,0
2575,7,219,972,19459,0
2576,7,219,972,19459,0
2577,7,219,972,19459,0
2578,7,220,972,19459,0
2579,7,220,972,19459,0
2580,7,220,972,19459,0
2581,7,220,972,19459,0
2582,7,220,972,19459,0
2583,7,221,972,19459,0
2584,7,221,972,19459,0
2585,7,221,972,19459,0
2586,7,222,972,19459,0
2587,7,222,972,19459,0
2588,7,222,972,19459,0
2589,7,222,972,19459,0
2590,7,222,972,19459,0
2591,7,223,972,19459,0
2592,7,223,972,19459,0
2593,7,223,972,19459,0
2594,7,224,972,19459,0
2595,7,224,972,19459,0
2596,7,224,972,19459,0
2597,7,224,972,19459,0
2598,7,225,972,19459,0
2599,7,225,972,19459,0
2600,7,225,972,19459,0
2601,7,225,972,19459,0
2602,7,225,972,19459,0
2603,7,225,972,19459,0
2604,7,226,972,19459,0
2605,7,226,972,19459,0
2606,7,226,972,19459,0
2607,7,227,972,19459,0
2608,7,227,972,19459,0
2609,7,227,972,19459,0
2610,7,227,972,19459,0
2611,7,227,972,19459,0
2612,7,228,972,19459,0
2613,7,228,972,19459,0
2614,7,228,972,19459,0
2615,7,228,972,19459,0
2616,7,228,972,19459,0
2617,7,229,972,19459,0
2618,7,230,972,19459,0
2619,7,230,972,19459,0
2620,7,230,972,19459,0
2621,7,231,972,19459,0
2622,7,231,972,19459,0
2623,7,231,972,19459,0
2624,7,231,972,19459,0
2625,7,231,972,19459,0
2626,7,232,972,19459,0
2627,7,232,972,19459,0
2628,7,232,972,19459,0
2629,7,232,972,19459,0
2630,7,232,972,19459,0
2631,7,233,972,19459,0
2632,7,233,972,19459,0
2633,7,233,972,19459,0
2634,7,233,972,19459,0
2635,7,233,972,19459,0
2636,7,234,972,19459,0
2637,7,234,972,19459,0
2638,7,234,972,19459,0
2639,7,234,972,19459,0
2640,7,234,972,19459,0
2641,7,235,972,19459,0
2642,7,235,972,19459,0
2643,7,236,972,19459,0
2644,7,236,972,19459,0
2645,7,237,972,19459,0
2646,7,237,972,19459,0
2647,7,237,972,19459,0
2648,7,238,972,19459,0
2649,7,238,972,19459,0
2650,7,238,972,19459,0
2651,7,238,1105,22110,0
2652,7,238,1105,22110,0
2653,7,239,1105,22110,0
2654,7,239,1105,22110,0
2655,7,239,1105,22110,0
2656,7,239,1105,22110,0
2657,7,239,1105,22110,0
2658,7,240,1105,22110,0
2659,7,241,1105,22110,0
2660,7,241,1105,22110,0
2661,7,242,1105,22110,0
2662,7,242,1105,22110,0
2663,7,242,1105,22110,0
2664,7,242,1105,22110,0
2665,7,242,1105,22110,0
2666,7,243,1105,22110,0
2667,7,243,1105,22110,0
2668,7,243,1105,22110,0
2669,7,244,1105,22110,0
2670,7,244,1105,22110,0
2671,7,244,1105,22110,0
2672,7,245,1105,22110,0
2673,7,245,1105,22110,0
2674,7,245,1105,22110,0
2675,7,245,1105,22110,0
2676,7,245,1105,22110,0
2677,7,246,1105,22110,0
2678,7,246,1105,22110,0
2679,7,246,1105,22110,0
2680,7,247,1105,22110,0
2681,7,247,1105,22110,0
2682,7,247,1105,22110,0
2683,7,247,1105,22110,0
2684,7,247,1105,22110,0
2685,7,248,1105,22110,0
2686,7,248,1105,22110,0
2687,7,248,1105,22110,0
2688,7,249,1105,22110,0
2689,7,249,1105,22110,0
2690,7,249,1105,22110,0
2691,7,249,1105,22110,0
2692,7,249,1105,22110,0
2693,7,249,1105,22110,0
2694,7,250,1105,22110,0
2695,7,250,1105,22110,0
2696,7,250,1105,22110,0
2697,7,251,1105,22110,0
2698,7,251,1105,22110,0
2699,7,251,1105,22110,0
2700,7,252,1105,22110,0
2701,7,252,1105,22110,0
2702,7,252,1105,22110,0
2703,7,252,1105,22110,0
2704,7,253,1105,22110,0
2705,7,253,1105,22110,0
2706,7,253,1105,22110,0
2707,7,253,1105,22110,0
2708,7,254,1105,22110,0
2709,7,254,1105,22110,0
2710,7,254,1105,22110,0
2711,7,254,1105,22110,0
2712,7,255,1105,22110,0
2713,7,255,1105,22110,0
2714,7,255,1105,22110,0
2715,7,255,1105,22110,0
2716,7,255,1105,22110,0
2717,7,255,1105,22110,0
2718,7,256,1105,22110,0
2719,7,256,1105,22110,0
2720,7,256,1105,22110,0
2721,7,257,1105,22110,0
2722,7,257,1105,22110,0
2723,7,258,1105,22110,0
2724,7,258,1105,22110,0
2725,7,258,1105,22110,0
2726,7,258,1105,22110,0
2727,7,258,1105,22110,0
2728,7,259,1105,22110,0
2729,7,259,1105,22110,0
2730,7,259,1105,22110,0
2731,7,260,1105,22110,0
2732,7,260,1105,22110,0
2733,7,260,1105,22110,0
2734,7,260,1105,22110,0
2735,7,260,1105,22110,0
2736,7,260,1105,22110,0
2737,7,261,1105,22110,0
2738,7,262,1105,22110,0
2739,7,263,1105,22110,0
2740,7,263,1105,22110,0
2741,7,263,1105,22110,0
2742,7,264,1105,22110,0
2743,7,265,1105,22110,0